{
    "cards": [
        {
            "id": 0,
            "name": "Police car",
            "description": "Driver, pull over now! LSPD!\nDriver, stop your vehicle!",
            "resourceGameObjectName": "car_2",
            "position": {
                "x": -6.599999904632568,
                "y": 83.5,
                "z": -79.5999984741211
            },
            "rotation": {
                "x": -0.11440438032150269,
                "y": 0.8511763215065002,
                "z": -0.14750802516937257,
                "w": 0.4905627965927124
            },
            "scale": {
                "x": 7424.98388671875,
                "y": 7424.98388671875,
                "z": 7424.98388671875
            },
            "isOpen": false,
            "isOpeningProcessStarted": false,
            "timeToOpenSeconds": 0,
            "timeRemainToOpen": 0
        },
        {
            "id": 1,
            "name": "Piston cup",
            "description": "The Piston Cup is an annual racing series in the world of Cars",
            "resourceGameObjectName": "lightning",
            "position": {
                "x": -26.0,
                "y": 26.0,
                "z": -40.0
            },
            "rotation": {
                "x": 0.6903804540634155,
                "y": -0.3671032190322876,
                "z": -0.30108076333999636,
                "w": -0.5458576083183289
            },
            "scale": {
                "x": 2857.8935546875,
                "y": 2857.8935546875,
                "z": 2857.8935546875
            },
            "isOpen": false,
            "isOpeningProcessStarted": false,
            "timeToOpenSeconds": 5,
            "timeRemainToOpen": 0
        },
        {
            "id": 2,
            "name": "Phone",
            "description": "- Retina HD display.\r\n- 4.7-inch (diagonal) widescreen LCD Multi-Touch display with IPS technology.\r\n- 1334-by-750-pixel resolution at 326 ppi.\r\n- 1400:1 contrast ratio (typical)\r\n\n",
            "resourceGameObjectName": "weeb phone",
            "position": {
                "x": -78.0,
                "y": -30.399999618530275,
                "z": -61.0
            },
            "rotation": {
                "x": -0.6041460633277893,
                "y": -0.4725662171840668,
                "z": -0.40427011251449587,
                "w": -0.49825140833854678
            },
            "scale": {
                "x": 1291.79296875,
                "y": 1291.79296875,
                "z": 1291.79296875
            },
            "isOpen": false,
            "isOpeningProcessStarted": false,
            "timeToOpenSeconds": 10,
            "timeRemainToOpen": 0
        },
        {
            "id": 3,
            "name": "Brown cup",
            "description": "This cup contains infinite amount of luck",
            "resourceGameObjectName": "Plastic_Cup",
            "position": {
                "x": 0.0,
                "y": 0.0,
                "z": 0.0
            },
            "rotation": {
                "x": -0.20184294879436494,
                "y": 0.0,
                "z": 0.0,
                "w": 0.9794179797172546
            },
            "scale": {
                "x": 89.8213119506836,
                "y": 89.82131958007813,
                "z": 89.82131958007813
            },
            "isOpen": false,
            "isOpeningProcessStarted": false,
            "timeToOpenSeconds": 145,
            "timeRemainToOpen": 0
        },
        {
            "id": 4,
            "name": "Race car",
            "description": "It is as fast as growing cost of dollar. The higher speed the more risks",
            "resourceGameObjectName": "car_1",
            "position": {
                "x": 5.0,
                "y": 80.0,
                "z": -67.0
            },
            "rotation": {
                "x": 0.15112122893333436,
                "y": -0.35083216428756716,
                "z": 0.05995556712150574,
                "w": -0.9222171902656555
            },
            "scale": {
                "x": 8141.18505859375,
                "y": 8141.18505859375,
                "z": 8141.18505859375
            },
            "isOpen": false,
            "isOpeningProcessStarted": false,
            "timeToOpenSeconds": 0,
            "timeRemainToOpen": 0
        }
    ]
}
